{
    "emotion": {
        "angry": 3.04282084107399,
        "disgust": 0.002156141090381425,
        "fear": 1.7936082556843758,
        "happy": 1.8476439639925957,
        "sad": 6.24723918735981,
        "surprise": 0.12032126542180777,
        "neutral": 86.94621324539185
    },
    "dominant_emotion": "neutral",
    "region": {
        "x": 266,
        "y": 257,
        "w": 113,
        "h": 113
    },
    "age": 31,
    "gender": "Man",
    "race": {
        "asian": 0.0008390408856710264,
        "indian": 0.03594205328317622,
        "black": 0.00020060579235523838,
        "white": 72.85006318689146,
        "middle eastern": 24.4619741394489,
        "latino hispanic": 2.650984692690932
    },
    "dominant_race": "white"
}